"Code","Mean","SD"
"EE1",3.60526315789474,0.547202896517668
"EE2",3.56410256410256,0.552261941800875
"EE3",3.47058823529412,0.706476280141699
