"Title","Mean","SD"
"Effort Expectancy",3.54665131909714,0.606501716601542
