"Code","Mean","SD"
"PE1",3.63636363636364,0.548758930347711
"PE2",3.51351351351351,0.506711709709532
"PE3",3.46875,0.621360370217975
