"Title","Mean","SD"
"Performance Expectancy",3.53954238329238,0.560946173909327
