"Title","Mean","SD"
"Social Influence",3.61308626014508,0.524600764663881
