"Code","Mean","SD"
"FC1",3.46153846153846,0.60026984485286
"FC2",3.38461538461538,0.633095345583262
"FC3",3.56818181818182,0.545498588778567
"FC4",3.45454545454545,0.5888319322162
