"Code","Mean","SD"
"SI1",3.45238095238095,0.632547345278267
"SI2",3.76923076923077,0.426832794918354
"SI3",3.61764705882353,0.493270218056382
